run_id,output_dim,hidden_channel,learning_rate,epochs,worker_id,started_at,elapsed_sec,model_dir,final_test_fem_loss,best_test_fem_loss,final_lr,status,error,run_tag
1,64,128,0.0001,1000,1,2026-05-02 23:28:28,42095.969,./model_save/od64_hc128_lr1e-04_run001,0.00261391,0.00261391,1e-05,SUCCESS,,od64_hc128_lr1e-04_run001
2,64,128,0.0003,1000,1,2026-05-03 11:10:23,42799.714,./model_save/od64_hc128_lr3e-04_run002,0.0015421,0.00154155,1e-05,SUCCESS,,od64_hc128_lr3e-04_run002
3,64,128,0.0005,1000,1,2026-05-03 23:04:01,43601.958,./model_save/od64_hc128_lr5e-04_run003,0.00142089,0.00141934,1e-05,SUCCESS,,od64_hc128_lr5e-04_run003
4,64,128,0.001,1000,1,2026-05-04 11:11:02,43988.331,./model_save/od64_hc128_lr1e-03_run004,0.00119726,0.00119618,1e-05,SUCCESS,,od64_hc128_lr1e-03_run004
5,64,128,0.003,1000,1,2026-05-04 23:24:28,44370.59,./model_save/od64_hc128_lr3e-03_run005,0.00114834,0.00114764,1e-05,SUCCESS,,od64_hc128_lr3e-03_run005
6,64,128,0.005,1000,1,2026-05-05 11:44:17,44484.915,./model_save/od64_hc128_lr5e-03_run006,0.00143823,0.00143767,1e-05,SUCCESS,,od64_hc128_lr5e-03_run006
7,64,128,0.01,1000,1,2026-05-06 00:06:00,44516.129,./model_save/od64_hc128_lr1e-02_run007,0.00402425,0.00402367,1e-05,SUCCESS,,od64_hc128_lr1e-02_run007
8,64,256,0.0001,1000,1,2026-05-06 12:28:15,56217.718,./model_save/od64_hc256_lr1e-04_run008,0.00147762,0.00147121,1e-05,SUCCESS,,od64_hc256_lr1e-04_run008
9,64,256,0.0003,1000,1,2026-05-12 07:00:29,55943.659,/public/home/zy/stdy_deeponet/deepOnet_HPO/model_C/Ablation_e_3456/model_save/od64_hc256_lr3e-04_run009,0.0010258908836798,0.001024564924145,1e-05,SUCCESS,,od64_hc256_lr3e-04_run009
10,64,256,0.0005,1000,2,2026-05-12 06:36:42,54516.675,/public/home/zy/stdy_deeponet/deepOnet_HPO/model_C/Ablation_e_3456/model_save/od64_hc256_lr5e-04_run010,0.0009474120623902,0.0009459749297091,1e-05,SUCCESS,,od64_hc256_lr5e-04_run010
11,64,256,0.001,1000,2,2026-05-12 22:04:27,55664.628,/public/home/zy/stdy_deeponet/deepOnet_HPO/model_C/Ablation_e_3456/model_save/od64_hc256_lr1e-03_run011,0.0009382856318138,0.0009379376363736,1e-05,SUCCESS,,od64_hc256_lr1e-03_run011
12,64,256,0.003,1000,2,2026-05-13 13:36:09,55901.939,/public/home/zy/stdy_deeponet/deepOnet_HPO/model_C/Ablation_e_3456/model_save/od64_hc256_lr3e-03_run012,0.0009667238836843,0.0009663002398188,1e-05,SUCCESS,,od64_hc256_lr3e-03_run012
13,64,256,0.005,1000,2,2026-05-14 05:11:32,56123.39,/public/home/zy/stdy_deeponet/deepOnet_HPO/model_C/Ablation_e_3456/model_save/od64_hc256_lr5e-03_run013,0.0013641794099361,0.0013639172327546,1e-05,SUCCESS,,od64_hc256_lr5e-03_run013
14,64,256,0.01,1000,2,2026-05-14 20:45:34,56042.201,/public/home/zy/stdy_deeponet/deepOnet_HPO/model_C/Ablation_e_3456/model_save/od64_hc256_lr1e-02_run014,0.0069327229084753,0.0060755415772337,1e-05,SUCCESS,,od64_hc256_lr1e-02_run014
15,64,512,0.0001,1000,2,2026-05-16 00:17:49,99134.21,/public/home/zy/stdy_deeponet/deepOnet_HPO/model_C/Ablation_e_3456/model_save/od64_hc512_lr1e-04_run015,0.000971799044116,0.0009655787800911,1e-05,SUCCESS,,od64_hc512_lr1e-04_run015
16,64,512,0.0003,1000,2,2026-05-17 03:53:29,99340.643,/public/home/zy/stdy_deeponet/deepOnet_HPO/model_C/Ablation_e_3456/model_save/od64_hc512_lr3e-04_run016,0.0009644674750659,0.0009605530129608,1e-05,SUCCESS,,od64_hc512_lr3e-04_run016
17,64,512,0.0005,1000,2,2026-05-02 23:28:28,96819.507,./model_save/od64_hc512_lr5e-04_run017,0.000935996,0.000932992,1e-05,SUCCESS,,od64_hc512_lr5e-04_run017
18,64,512,0.001,1000,2,2026-05-04 02:22:27,98104.907,./model_save/od64_hc512_lr1e-03_run018,0.00093983,0.000937518,1e-05,SUCCESS,,od64_hc512_lr1e-03_run018
19,64,512,0.003,1000,2,2026-05-05 05:37:51,98593.353,./model_save/od64_hc512_lr3e-03_run019,0.00106664,0.00106563,1e-05,SUCCESS,,od64_hc512_lr3e-03_run019
20,64,512,0.005,1000,2,2026-05-06 09:01:23,98800.744,./model_save/od64_hc512_lr5e-03_run020,0.00137437,0.00137342,1e-05,SUCCESS,,od64_hc512_lr5e-03_run020
21,64,512,0.01,1000,3,2026-05-12 17:40:38,94351.68,/public/home/zy/stdy_deeponet/deepOnet_HPO/model_C/Ablation_e_3456/model_save/od64_hc512_lr1e-02_run021,0.0052936113139951,0.0052927688064579,1e-05,SUCCESS,,od64_hc512_lr1e-02_run021
22,128,128,0.0001,1000,3,2026-05-13 05:37:30,43011.361,/public/home/zy/stdy_deeponet/deepOnet_HPO/model_C/Ablation_e_3456/model_save/od128_hc128_lr1e-04_run022,0.0005704352216022,0.0005693686953566,1e-05,SUCCESS,,od128_hc128_lr1e-04_run022
23,128,128,0.0003,1000,3,2026-05-13 17:46:01,43711.08,/public/home/zy/stdy_deeponet/deepOnet_HPO/model_C/Ablation_e_3456/model_save/od128_hc128_lr3e-04_run023,0.0002842599951928,0.0002833979571501,1e-05,SUCCESS,,od128_hc128_lr3e-04_run023
24,128,128,0.0005,1000,3,2026-05-14 05:59:42,44020.635,/public/home/zy/stdy_deeponet/deepOnet_HPO/model_C/Ablation_e_3456/model_save/od128_hc128_lr5e-04_run024,0.0002032608624767,0.0002026039513473,1e-05,SUCCESS,,od128_hc128_lr5e-04_run024
25,128,128,0.001,1000,3,2026-05-14 18:16:39,44216.618,/public/home/zy/stdy_deeponet/deepOnet_HPO/model_C/Ablation_e_3456/model_save/od128_hc128_lr1e-03_run025,0.000165393562584,0.000165143338973,1e-05,SUCCESS,,od128_hc128_lr1e-03_run025
26,128,128,0.003,1000,3,2026-05-15 06:35:37,44338.812,/public/home/zy/stdy_deeponet/deepOnet_HPO/model_C/Ablation_e_3456/model_save/od128_hc128_lr3e-03_run026,0.0001694974270441,0.0001693836977271,1e-05,SUCCESS,,od128_hc128_lr3e-03_run026
27,128,128,0.005,1000,3,2026-05-15 18:59:27,44629.871,/public/home/zy/stdy_deeponet/deepOnet_HPO/model_C/Ablation_e_3456/model_save/od128_hc128_lr5e-03_run027,0.0002237895137775,0.0002236721646189,1e-05,SUCCESS,,od128_hc128_lr5e-03_run027
28,128,128,0.01,1000,4,2026-05-12 03:33:03,43498.463,/public/home/zy/stdy_deeponet/deepOnet_HPO/model_C/Ablation_e_3456/model_save/od128_hc128_lr1e-02_run028,0.0014528435849858,0.0014528352058076,1e-05,SUCCESS,,od128_hc128_lr1e-02_run028
29,128,256,0.0001,1000,4,2026-05-12 19:11:50,56326.312,/public/home/zy/stdy_deeponet/deepOnet_HPO/model_C/Ablation_e_3456/model_save/od128_hc256_lr1e-04_run029,0.0002255915481104,0.0002250367779783,1e-05,SUCCESS,,od128_hc256_lr1e-04_run029
30,128,256,0.0003,1000,4,2026-05-13 10:55:11,56601.273,/public/home/zy/stdy_deeponet/deepOnet_HPO/model_C/Ablation_e_3456/model_save/od128_hc256_lr3e-04_run030,0.0001271397541327,0.0001264394148415,1e-05,SUCCESS,,od128_hc256_lr3e-04_run030
31,128,256,0.0005,1000,4,2026-05-14 02:44:51,56979.214,/public/home/zy/stdy_deeponet/deepOnet_HPO/model_C/Ablation_e_3456/model_save/od128_hc256_lr5e-04_run031,0.0001071328994078,0.0001067210987394,1e-05,SUCCESS,,od128_hc256_lr5e-04_run031
32,128,256,0.001,1000,4,2026-05-14 18:40:27,57336.259,/public/home/zy/stdy_deeponet/deepOnet_HPO/model_C/Ablation_e_3456/model_save/od128_hc256_lr1e-03_run032,9.781804025059504e-05,9.755326754313265e-05,1e-05,SUCCESS,,od128_hc256_lr1e-03_run032
33,128,256,0.003,1000,3,2026-05-02 23:28:28,53585.989,./model_save/od128_hc256_lr3e-03_run033,0.000121153,0.000120961,1e-05,SUCCESS,,od128_hc256_lr3e-03_run033
34,128,256,0.005,1000,3,2026-05-03 14:21:53,54672.637,./model_save/od128_hc256_lr5e-03_run034,0.000204069,0.000203941,1e-05,SUCCESS,,od128_hc256_lr5e-03_run034
35,128,256,0.01,1000,3,2026-05-04 05:33:24,55176.135,./model_save/od128_hc256_lr1e-02_run035,0.00584161,0.00328426,1e-05,SUCCESS,,od128_hc256_lr1e-02_run035
36,128,512,0.0001,1000,3,2026-05-04 20:53:19,98435.781,./model_save/od128_hc512_lr1e-04_run036,0.000137467,0.000137227,1e-05,SUCCESS,,od128_hc512_lr1e-04_run036
37,128,512,0.0003,1000,3,2026-05-06 00:14:13,98530.956,./model_save/od128_hc512_lr3e-04_run037,8.40286e-05,8.38246e-05,1e-05,SUCCESS,,od128_hc512_lr3e-04_run037
38,128,512,0.0005,1000,5,2026-05-12 18:27:50,97183.682,/public/home/zy/stdy_deeponet/deepOnet_HPO/model_C/Ablation_e_3456/model_save/od128_hc512_lr5e-04_run038,8.553873738896934e-05,8.539033490619568e-05,1e-05,SUCCESS,,od128_hc512_lr5e-04_run038
39,128,512,0.001,1000,5,2026-05-13 21:53:52,98761.512,/public/home/zy/stdy_deeponet/deepOnet_HPO/model_C/Ablation_e_3456/model_save/od128_hc512_lr1e-03_run039,8.935528833143017e-05,8.92794238340299e-05,1e-05,SUCCESS,,od128_hc512_lr1e-03_run039
40,128,512,0.003,1000,5,2026-05-15 01:28:34,99281.87,/public/home/zy/stdy_deeponet/deepOnet_HPO/model_C/Ablation_e_3456/model_save/od128_hc512_lr3e-03_run040,0.0001097186544603,0.0001096865286746,1e-05,SUCCESS,,od128_hc512_lr3e-03_run040
41,128,512,0.005,1000,5,2026-05-16 05:05:37,99422.45,/public/home/zy/stdy_deeponet/deepOnet_HPO/model_C/Ablation_e_3456/model_save/od128_hc512_lr5e-03_run041,0.0001983123677929,0.0001982719854584,1e-05,SUCCESS,,od128_hc512_lr5e-03_run041
42,128,512,0.01,1000,5,2026-05-17 08:44:36,99539.441,/public/home/zy/stdy_deeponet/deepOnet_HPO/model_C/Ablation_e_3456/model_save/od128_hc512_lr1e-02_run042,0.0045743038929235,0.0035025394216785,1e-05,SUCCESS,,od128_hc512_lr1e-02_run042
43,256,128,0.0001,1000,5,2026-05-17 21:35:32,46255.821,/public/home/zy/stdy_deeponet/deepOnet_HPO/model_C/Ablation_e_3456/model_save/od256_hc128_lr1e-04_run043,0.0002362868469145,0.0002362868469145,1e-05,SUCCESS,,od256_hc128_lr1e-04_run043
44,256,128,0.0003,1000,5,2026-05-18 10:32:42,46629.985,/public/home/zy/stdy_deeponet/deepOnet_HPO/model_C/Ablation_e_3456/model_save/od256_hc128_lr3e-04_run044,0.000114507977661,0.0001144085005454,1e-05,SUCCESS,,od256_hc128_lr3e-04_run044
45,256,128,0.0005,1000,5,2026-05-18 23:29:16,46593.442,/public/home/zy/stdy_deeponet/deepOnet_HPO/model_C/Ablation_e_3456/model_save/od256_hc128_lr5e-04_run045,7.546513252522091e-05,7.537482904245119e-05,1e-05,SUCCESS,,od256_hc128_lr5e-04_run045
46,256,128,0.001,1000,6,2026-05-12 03:32:47,43482.059,/public/home/zy/stdy_deeponet/deepOnet_HPO/model_C/Ablation_e_3456/model_save/od256_hc128_lr1e-03_run046,6.283313510266435e-05,6.280302178852806e-05,1e-05,SUCCESS,,od256_hc128_lr1e-03_run046
47,256,128,0.003,1000,6,2026-05-12 15:52:17,44370.051,/public/home/zy/stdy_deeponet/deepOnet_HPO/model_C/Ablation_e_3456/model_save/od256_hc128_lr3e-03_run047,7.731466845752448e-05,7.730038503897086e-05,1e-05,SUCCESS,,od256_hc128_lr3e-03_run047
48,256,128,0.005,1000,6,2026-05-13 04:28:33,45375.688,/public/home/zy/stdy_deeponet/deepOnet_HPO/model_C/Ablation_e_3456/model_save/od256_hc128_lr5e-03_run048,0.0001036992798716,0.0001036992798716,1e-05,SUCCESS,,od256_hc128_lr5e-03_run048
49,256,128,0.01,1000,4,2026-05-02 23:28:28,43257.546,./model_save/od256_hc128_lr1e-02_run049,0.00127315,0.00127308,1e-05,SUCCESS,,od256_hc128_lr1e-02_run049
50,256,256,0.0001,1000,4,2026-05-03 11:29:45,56829.376,./model_save/od256_hc256_lr1e-04_run050,8.82908e-05,8.76162e-05,1e-05,SUCCESS,,od256_hc256_lr1e-04_run050
51,256,256,0.0003,1000,4,2026-05-04 03:17:12,57287.318,./model_save/od256_hc256_lr3e-04_run051,3.29729e-05,3.27006e-05,1e-05,SUCCESS,,od256_hc256_lr3e-04_run051
52,256,256,0.0005,1000,4,2026-05-04 19:12:18,57557.738,./model_save/od256_hc256_lr5e-04_run052,2.38817e-05,2.3768e-05,1e-05,SUCCESS,,od256_hc256_lr5e-04_run052
53,256,256,0.001,1000,4,2026-05-05 11:11:55,57737.722,./model_save/od256_hc256_lr1e-03_run053,2.12591e-05,2.12059e-05,1e-05,SUCCESS,,od256_hc256_lr1e-03_run053
54,256,256,0.003,1000,4,2026-05-06 03:14:31,57805.831,./model_save/od256_hc256_lr3e-03_run054,3.85375e-05,3.85056e-05,1e-05,SUCCESS,,od256_hc256_lr3e-03_run054
55,256,256,0.005,1000,4,2026-05-06 19:18:16,57833.352,./model_save/od256_hc256_lr5e-03_run055,8.17908e-05,8.17344e-05,1e-05,SUCCESS,,od256_hc256_lr5e-03_run055
56,256,256,0.01,1000,7,2026-05-12 06:59:27,55880.673,/public/home/zy/stdy_deeponet/deepOnet_HPO/model_C/Ablation_e_3456/model_save/od256_hc256_lr1e-02_run056,0.0036349366031652,0.0029015517451789,1e-05,SUCCESS,,od256_hc256_lr1e-02_run056
57,256,512,0.0001,1000,7,2026-05-13 11:16:16,101808.355,/public/home/zy/stdy_deeponet/deepOnet_HPO/model_C/Ablation_e_3456/model_save/od256_hc512_lr1e-04_run057,4.0520702361263054e-05,4.010201651261743e-05,1e-05,SUCCESS,,od256_hc512_lr1e-04_run057
58,256,512,0.0003,1000,7,2026-05-14 15:39:53,102217.32,/public/home/zy/stdy_deeponet/deepOnet_HPO/model_C/Ablation_e_3456/model_save/od256_hc512_lr3e-04_run058,1.873759657659672e-05,1.8690414529986697e-05,1e-05,SUCCESS,,od256_hc512_lr3e-04_run058
59,256,512,0.0005,1000,7,2026-05-15 20:03:26,102212.1,/public/home/zy/stdy_deeponet/deepOnet_HPO/model_C/Ablation_e_3456/model_save/od256_hc512_lr5e-04_run059,1.6133943398646745e-05,1.6076682534148178e-05,1e-05,SUCCESS,,od256_hc512_lr5e-04_run059
60,256,512,0.001,1000,7,2026-05-17 00:28:09,102283.762,/public/home/zy/stdy_deeponet/deepOnet_HPO/model_C/Ablation_e_3456/model_save/od256_hc512_lr1e-03_run060,1.7938766059054817e-05,1.78601508033101e-05,1e-05,SUCCESS,,od256_hc512_lr1e-03_run060
61,256,512,0.003,1000,7,2026-05-18 04:51:06,102176.261,/public/home/zy/stdy_deeponet/deepOnet_HPO/model_C/Ablation_e_3456/model_save/od256_hc512_lr3e-03_run061,3.2387651159944955e-05,3.237084717339433e-05,1e-05,SUCCESS,,od256_hc512_lr3e-03_run061
62,256,512,0.005,1000,7,2026-05-19 09:19:09,102483.659,/public/home/zy/stdy_deeponet/deepOnet_HPO/model_C/Ablation_e_3456/model_save/od256_hc512_lr5e-03_run062,7.903946666113213e-05,7.90292590034752e-05,1e-05,SUCCESS,,od256_hc512_lr5e-03_run062
63,256,512,0.01,1000,7,2026-05-20 13:43:16,102246.744,/public/home/zy/stdy_deeponet/deepOnet_HPO/model_C/Ablation_e_3456/model_save/od256_hc512_lr1e-02_run063,0.0029581788410918,0.0026336905405361,1e-05,SUCCESS,,od256_hc512_lr1e-02_run063
