epoch,loss,mse_train,mse_test
1,59.808885811056776,0.11908287624909131,0.11578341079442461
2,1.0421413101539112,0.1117283325719269,0.10861217959150679
3,0.9237184246108157,0.11075173035457034,0.10767574319661789
4,0.907903237118301,0.11022016695605136,0.10717014221923146
5,0.8998002166503954,0.1080123033502723,0.10501059622161849
6,0.890705369891196,0.10722505938321221,0.10424694556072905
7,0.8811603260071741,0.10683163739681648,0.1038889501875434
8,0.8743980321338867,0.10550574621923468,0.1025931099598
9,0.8693767412733331,0.10546237521311835,0.10256369286896859
10,0.8735794543288861,0.10556084831645521,0.10266390198012816
11,0.8895912769556272,0.10297340394831044,0.10011961454369601
12,0.9738155222103045,0.10502936181673388,0.10213496713743352
13,0.8818643705449514,0.1019511161831984,0.09910394801138663
14,0.8616317606687159,0.10422128594579931,0.1013552053155697
15,0.9109605366233023,0.10009021699214152,0.09727995074111394
16,0.8441929705024572,0.09935461568055595,0.09655563150078136
17,1.147447833557603,0.10169790266539787,0.09887751255672649
18,0.88067069359747,0.0988542696332763,0.09604443243114069
19,0.8137858158467851,0.09709977577405272,0.09435046820482844
20,0.8031532162549048,0.09616149203122844,0.09343874790405612
21,0.8016429645276034,0.0950576797181972,0.09236708403421462
22,0.792843643284871,0.09399433494809839,0.09133584805769861
23,0.7856330344615221,0.09324297350696092,0.09058618825183455
24,0.7777268529088267,0.09162055684504336,0.08899401301351823
25,0.7750607643192434,0.09095285370334245,0.08834864177112138
26,0.7693337587411248,0.09072530628811623,0.0881510307383341
27,0.90379751691139,0.09468242403961426,0.09202114077719073
28,2.1279157681880223,0.09626400402041707,0.09344094109611217
29,0.8946011551542458,0.09502687775650123,0.09231516534581485
30,0.7872514658188327,0.09368470105896684,0.09101863783713053
31,0.7738440273305779,0.09167620248615835,0.08906208126631618
32,0.7664927206995114,0.09024229082615344,0.08766542801402233
33,0.7569129928629719,0.08919975968363059,0.086656607159476
34,0.7501529168097564,0.08805288892963935,0.08553668781431559
35,0.7446413820360481,0.08714133021365346,0.08465787821888858
36,0.7407812120409899,0.08655468327387794,0.08408599278460487
37,0.7916835338693801,0.08612601496337151,0.08366082526041074
38,0.7368948573824782,0.0856855465493288,0.08325097894205288
39,0.7277231324374829,0.08447331114283274,0.0820652942705165
40,0.7230568955448813,0.08394814579992517,0.08154848514459491
41,0.7344109890667213,0.08299468294887077,0.08061360890267416
42,0.7193199717521845,0.08214777370025048,0.07977855410226689
43,0.8895494415000588,0.08334840235509489,0.080977583797098
44,0.7165661655280413,0.08210117762194617,0.07974623110507902
45,0.6989147917330173,0.08102643804823746,0.07869434966705423
46,0.6919105190265019,0.08009247336428378,0.07777618622878964
47,0.6847978148006223,0.07846946790134655,0.07616445270078508
48,0.6785386407268299,0.0784368223435593,0.07614570337913769
49,0.6753521769747346,0.07717646715693786,0.0748959250237664
50,0.6692501778277962,0.07591488241403538,0.07365197943587246
51,0.66180774657075,0.07495834987550747,0.07269593053008258
52,0.6715663504244015,0.07330492780358736,0.07108436883958318
53,0.9234751584392475,0.0763027515064234,0.07403460516390757
54,0.9559552775832781,0.0786504755274411,0.07634726762342399
55,0.7089841795194015,0.07463197721268743,0.07236604311677512
56,0.6449092612338669,0.07288876795321884,0.0706687653614464
57,0.6286814391261445,0.07167512488583185,0.06948415309352496
58,0.6238851328112616,0.06988607407891056,0.06770432791835693
59,0.6319892151744275,0.06900179137768875,0.06681267463438421
60,0.599378949248002,0.06761954203286588,0.06540364060661809
61,0.5870445298832889,0.0654966732447294,0.0632585251833903
62,0.5794533733626928,0.06406427430477633,0.06181206657044577
63,0.5952074202524078,0.06223476005029891,0.06000174062027109
64,0.5972803078858337,0.06098101941946499,0.05871062587646896
65,0.5680922832520432,0.06071325450066391,0.05841268109031082
66,0.5516235228989314,0.05940466503016315,0.057075908785781476
67,0.5683797020003438,0.05826252521423462,0.05593196075967914
68,0.7652522069163049,0.06148663315157096,0.05922375332742381
69,0.5701507565426979,0.058829759944090954,0.056508878404229586
70,0.5337541824610579,0.05698701531688034,0.05459612836047441
71,0.5244962143796565,0.056021083770997196,0.053587862468003046
72,0.518858992634189,0.05476694257810636,0.05229230421019092
73,0.5166269152277579,0.05439783183801092,0.05192522212787471
74,0.5123890765538993,0.053597847824877684,0.051095241886461855
75,0.5106764764022136,0.053524293055612265,0.051003433071195356
76,0.505063108947412,0.053099645282104334,0.05058172911476969
77,0.5067472059976088,0.05285494121993918,0.05035676322837282
78,0.6763334694882969,0.05516799640047736,0.052813628812017684
79,0.5706904956532559,0.05496880826515734,0.052565659334024434
80,0.5155972545406378,0.052781694132035026,0.05035324158782891
81,0.4952159508094265,0.052537127569283464,0.050084417972457135
82,0.4870704887439733,0.051132419426498085,0.04865747032836726
83,0.4822656088865982,0.050600953714875364,0.04811870940536262
84,0.4762917996496262,0.049814256757575025,0.04732720635099599
85,0.4727793089771563,0.05004142601716056,0.047591197724601526
86,0.4670081360703306,0.0486014809136453,0.046122268811443295
87,0.4736561726450499,0.04908367510240472,0.046665884469523806
88,0.6828892334304851,0.05343012819430384,0.0511488562656034
89,0.47463332922132523,0.049107640141457014,0.046740002155883954
90,0.4539214453463184,0.047741655422006646,0.04532269775671461
91,0.44060963585290525,0.04636958401298849,0.04402736782222841
92,0.43734633449699534,0.04577866052005598,0.04342894122638219
93,0.4223793874158105,0.044183666130686736,0.04189186520569263
94,0.4123096895692637,0.04282013435319415,0.040510172434963146
95,0.3999797438956106,0.04153971472273968,0.03927313797953584
96,0.38803652673161226,0.0402453661657745,0.03794540040184638
97,0.4237110403397188,0.042728158288031295,0.040588839749572635
98,0.3898558418549464,0.0381243369708777,0.03581825428832854
99,0.3749306774418791,0.03788220829537647,0.03558648647773772
100,0.3693443044916768,0.036826681527084945,0.03452974645894392
101,0.35826006665735666,0.035824667612448395,0.033534657372773814
102,0.351040389205799,0.0355017852167481,0.033136740912606384
103,0.3377411075433277,0.03501751113382574,0.03264988046658909
104,0.3528930358736421,0.03430402222688683,0.03201517815048889
105,0.34377930732010514,0.034049761316493864,0.03170103642800719
106,0.3450297920516063,0.03285019079077837,0.030512670461803535
107,0.33740007246049486,0.033285176123105116,0.03090917589427734
108,0.3436107374849314,0.03304141831992039,0.03072250243583561
109,0.35124485796415295,0.03206271252929956,0.02983683883496644
110,0.3331548512087767,0.03217945334877855,0.02980811109332958
111,0.30794844897342766,0.03171416186727445,0.029311941849090892
112,0.3163596285911861,0.03112521945228606,0.028798918486016314
113,0.30788151803038677,0.03160194288352165,0.029194320012485894
114,0.30110637587249844,0.030757822365862584,0.028390493560890274
115,0.3160739455707327,0.03009100005671153,0.02775198251171615
116,0.2983231790073323,0.029963199521657016,0.02764093561111777
117,0.2989245739593293,0.03014890335914654,0.027850807017274017
118,0.29754789510578,0.02860125610269993,0.02636575130353938
119,0.2809149766249267,0.028544434605421973,0.02631694816577011
120,0.27870741969313567,0.028176539468326954,0.02597792729901095
121,0.2960411039195922,0.028181653346825892,0.025978082307139463
122,0.2704280127224974,0.027332288911733102,0.02517111969305646
123,0.32163517756277354,0.02810991355044834,0.025977607597428305
124,0.2690937724264732,0.02633022595077692,0.024223877608152634
125,0.2589197934173683,0.025441520251680984,0.023417939627049866
126,0.2725003365534096,0.026445574823085728,0.024510062791547115
127,0.3282055578771318,0.029471259973525815,0.02730957122897576
128,0.2986605666889193,0.025287504693633667,0.023314604406563036
129,0.2521100564469511,0.02417127928681402,0.02226809962735289
130,0.2405040511456967,0.023657681180557465,0.02179462680888809
131,0.23655342984442648,0.022304906151771924,0.02052771359299752
132,0.23235011027982425,0.022009934313889815,0.020273020113986153
133,0.2354170478184197,0.02154741405614546,0.019825738289453266
134,0.23440962143027413,0.02133533460269157,0.019631926275925957
135,0.227049474561364,0.020853666003707732,0.01919625232291043
136,0.24763502425261016,0.02054796578486087,0.01889863472176709
137,0.26128646798259125,0.02035348759725158,0.018794702096497164
138,0.2202455743093123,0.01989618622685021,0.018353190195471453
139,0.21500970426306923,0.019115615282200116,0.017599878040759204
140,0.20871255009643244,0.018237892562573844,0.016784710929231568
141,0.20562167094352488,0.018087220051674947,0.016656001184423733
142,0.2412802704327429,0.020867589446580237,0.01935428320859428
143,0.22107103081647012,0.018266793690164176,0.01682159207507824
144,0.21201859087617989,0.01838176333194997,0.016986445258923656
145,0.20692879794268543,0.016974518703926796,0.015617295296069901
146,0.19775423244616805,0.01664995269835431,0.015323169184648175
147,0.1922926024087222,0.01628619419280436,0.014973236328289908
148,0.18698749770300105,0.016597609152643637,0.0153004327471312
149,0.18922629735786228,0.01582740567434404,0.014546770092050004
150,0.18961922124646025,0.015938538023426957,0.014727867145765414
151,0.2015005797828431,0.01488831223038967,0.013689184253918098
152,0.18470004226961662,0.015146198170918551,0.013947608070087618
153,0.1835011831899402,0.01581358268396342,0.014584719885569648
154,0.25384931140846756,0.017908306180834128,0.016529053927930352
155,0.19222188584621436,0.014829190548159543,0.01365614707683698
156,0.17833774954697063,0.014628030563703145,0.013477700100652804
157,0.17132719262872137,0.014519551280342768,0.013375283756795186
158,0.1675028579677368,0.014090480445677523,0.012923024300093174
159,0.1674881464771851,0.014094019314979849,0.012954025750475487
160,0.16594451013024938,0.013869501487288318,0.012782447991174572
161,0.1662673306516476,0.013697344995850002,0.012652704898629933
162,0.17499721012218145,0.013057016264139416,0.012016843638399596
163,0.17509383676506468,0.014311718903223502,0.013208954908629016
164,0.16528719510073292,0.012524238356857205,0.011550374950080114
165,0.16576809888073427,0.01335687359549714,0.012347344568128762
166,0.16630654750195206,0.012263977280457684,0.01132160497975836
167,0.1567380779479635,0.012693729491811585,0.01174155833731564
168,0.1507521903987506,0.012132475188362262,0.011210820668828284
169,0.14810998778135315,0.01193825570746628,0.011057702913235911
170,0.1496542946173117,0.011453945611811792,0.010608762041091992
171,0.15298742661382286,0.011768366703898492,0.010969394834338465
172,0.15810263279840886,0.011707856512516877,0.010898097731690192
173,0.21631072417085676,0.013883338128688893,0.01293886776071961
174,0.1820882589529021,0.012699098855996703,0.011884425760651227
175,0.16289105339753004,0.011019277573252544,0.010213377465498927
176,0.14754758187798803,0.010658563430895258,0.00991794120367416
177,0.14108813589520772,0.01087800873071051,0.010126187650469477
178,0.14377697295243808,0.010225247584010897,0.009504540751636821
179,0.1507769207622695,0.010806992740815636,0.010065091023248495
180,0.14713266840149591,0.010275624209277353,0.00961731660467629
181,0.13696023725501247,0.010114143002607942,0.009475614826100341
182,0.1452683463934789,0.010312689154906874,0.009634639249548894
183,0.14572489487699455,0.009786122095144694,0.009192945674139865
184,0.13735347111370552,0.00968591747528776,0.009090372024649074
185,0.1330095930547448,0.009219957669364632,0.008675121643950704
186,0.1303405023655469,0.009181494270711445,0.008614230490706707
187,0.12602577851320826,0.00931874957118718,0.008744001458197953
188,0.1433632695238203,0.009256097356162951,0.008615732381405927
189,0.1387956080995417,0.008740648366383318,0.008194407557650432
190,0.13560175432842408,0.00919809403996119,0.008673835394934881
191,0.13378777819288487,0.00884899801354056,0.008312309278506052
192,0.12439643316528447,0.008566134098708805,0.00807181386612357
193,0.15505517665958657,0.011124223770887837,0.010421286133701097
194,0.23417177383079318,0.011817374514389299,0.011109279905176898
195,0.17425377788806082,0.011039473245302666,0.010374278896625204
196,0.1408714174918598,0.00886298398287648,0.00831098146821273
197,0.12415700531600958,0.008693016044000744,0.008216818161800973
198,0.12004712968587064,0.00847307505851834,0.007975068755550546
199,0.117825486992126,0.00804838491955045,0.007608318658968966
200,0.11947819140589186,0.007725611157462095,0.0073113277362542506
201,0.11583177526076874,0.0075409734286248096,0.007138433287562175
202,0.1138208810002348,0.007664993798658467,0.0072698182996325305
203,0.11612717029673436,0.007652184507876199,0.007293250064271715
204,0.1273664156625416,0.008028756213156145,0.007697677313014811
205,0.1254831415426257,0.007665470738918102,0.007204787513393323
206,0.11890018078026628,0.007495936682437603,0.007117108480340431
207,0.12005121204911649,0.0075565570530563425,0.007169210016058835
208,0.11457262154766071,0.007260428314499208,0.006876928206763565
209,0.10998088594910198,0.007000220651969966,0.006607515518200936
210,0.1293408505124865,0.007424105045605573,0.0070004812971136855
211,0.1217114922805332,0.007383062060964015,0.0070067082292573826
212,0.10926879718884691,0.006995461100770946,0.0066294660184833
213,0.1085707310843587,0.006799571015909121,0.006472333317057603
214,0.11711575952008353,0.00716649624004916,0.006841091675761502
215,0.12103119943154862,0.007070920826186658,0.006746418082173367
216,0.20476150384739855,0.009910215543054343,0.009389493921831905
217,0.1366736442023094,0.007555066474040062,0.007168141044737072
218,0.11450490297068705,0.007087027399856084,0.006815562269353418
219,0.1073084041370425,0.006627015148304503,0.006370200391777006
220,0.09930512481209663,0.006237756791891405,0.005974536403868773
221,0.09715754820280763,0.006207086376047566,0.005960255361797877
222,0.09501709679269209,0.005979366563900226,0.005791687558592887
223,0.09268375831487044,0.005937760708833319,0.005742875845577144
224,0.09683425194801158,0.006278295614618911,0.006101421879273407
225,0.14927035260812108,0.007289993512444534,0.006944282359387691
226,0.11357209689726067,0.006503125668980205,0.006283999966312271
227,0.10346002339956399,0.006073221672210286,0.005938161522270031
228,0.0941289651017012,0.006106114652730197,0.005877674092302489
229,0.09412581897453381,0.005600384636234796,0.00539035532086362
230,0.10422027492790195,0.005765733722765652,0.0056293358477403615
231,0.1027826233921921,0.006380108989294836,0.006277820894531765
232,0.12379276961177087,0.007814120521936727,0.007593498832386451
233,0.1258084431936669,0.006054061590586656,0.0058558840581147105
234,0.10200550956201287,0.00584609755390139,0.005727459131659466
235,0.09434260759520366,0.005357373632051171,0.005217619371428041
236,0.08976580733101162,0.0055770360884198015,0.005454766675925911
237,0.08977120574792986,0.005556232458630115,0.005426185586571294
238,0.0827010840920911,0.004983183806310669,0.0048430600127983454
239,0.08186901330240456,0.005208473678021314,0.005115812850007761
240,0.09270486181615215,0.005261856151310347,0.005171231356826839
241,0.0848184317002445,0.005100958030130084,0.004990605295400313
242,0.09101243157601606,0.00546924995396427,0.005424529170305816
243,0.394917413390282,0.03820250543639555,0.0368680056688473
244,0.5581254170913723,0.024771397903951962,0.023215212960798454
245,0.2187296280239727,0.013417073583347854,0.01239371233002144
246,0.1552036764689186,0.010727726058552853,0.010011593985686728
247,0.13153172321867188,0.009363254222557736,0.00886290905247796
248,0.12088631492008182,0.007941105930552703,0.007575512409307052
249,0.10254034503704662,0.007300263888539782,0.006971140662464836
250,0.09695413365935208,0.006537437140431577,0.006287352676346109
251,0.09098516781465847,0.006547441930534052,0.006316334584290739
252,0.08807798307779914,0.005799924827577119,0.005639094559580976
253,0.08641772063439768,0.005628002586514817,0.005451714483199208
254,0.08632573808138821,0.005735449588093243,0.005620358168881345
255,0.08457111284868332,0.005362749629590459,0.005227345066343197
256,0.0843264354486091,0.005497796639982155,0.00540305964740403
257,0.0811126152637828,0.005174023175914396,0.005069113145864449
258,0.07979567299569149,0.004916816244205902,0.004846375725425731
259,0.10678256947857677,0.005525569109461755,0.005432108418808704
260,0.10406674318234604,0.005640288416493014,0.005534200813946261
261,0.08442027723885309,0.004883753953515544,0.004808719191819371
262,0.07944956809753641,0.004676883369054666,0.004623133618796684
263,0.0789643199379728,0.004875307078670169,0.004833855018037296
264,0.08008739547038321,0.0047615723638348255,0.004726102442412956
265,0.07468144550131964,0.0047533100661393095,0.00475253381090859
266,0.07287779310989875,0.0045667328203005605,0.004531739306190684
267,0.07276360505502232,0.004605607992601182,0.0045775613723731704
268,0.07361556966201628,0.004546586965878333,0.004516494618966128
269,0.0828516736625554,0.004833106944373303,0.004816018423703067
270,0.07960127226632108,0.004469905490261314,0.004428557400693069
271,0.07596175105427683,0.004317933904500351,0.004318496171245188
272,0.07761973441754619,0.004445666822978079,0.004464080139797714
273,0.07529765917844428,0.0044490743953144495,0.004459804699202906
274,0.0758200051586044,0.004458504129863509,0.004479232242246368
275,0.07550313815793828,0.004119970529590578,0.004120324111064243
276,0.08090740904518004,0.004354964161919684,0.004408902203603183
277,0.08368995051824689,0.004284105839327716,0.004306296279982327
278,0.09802984962868241,0.004733104350781109,0.00472228518740093
279,0.07878060078715207,0.004488958751922079,0.004511548460970643
280,0.0815286404565905,0.004681611200450306,0.004713443075895456
281,0.08467187742010346,0.004546658239844247,0.004553916686725621
282,0.07212907400877833,0.004340231248747218,0.004385402198476247
283,0.07346661293623842,0.004067695441394766,0.004111439679486344
284,0.07419472334656284,0.004051774700395362,0.00407493853790919
285,0.07099553485523212,0.004190242484620286,0.0042388600020419635
286,0.08234691048669024,0.004583859514399359,0.004616575397876152
287,0.07623336014396907,0.00411352755727293,0.0041565158096166215
288,0.07273970880337435,0.0039321084595145385,0.003988826302462534
289,0.08409198095584296,0.00438722688478093,0.004451739711116178
290,0.08906271232246049,0.004429343225966106,0.0044376523998677486
291,0.07826168238010732,0.004118710413913689,0.00412687193368308
292,0.06939986524953859,0.0038526413522533575,0.003900658289139515
293,0.07236624456491467,0.003989315948538264,0.004004600907721822
294,0.0895975149163622,0.0045422966410346086,0.004534243696740945
295,0.08862585620184738,0.004387951634549316,0.004323316831077267
296,0.07385843682627256,0.003827357428870371,0.003858037388840876
297,0.06576152068701796,0.0038518190579639824,0.003912034819076648
298,0.06614140271364526,0.0037541503650508124,0.003818723612821714
299,0.07060368808059272,0.003939042225469879,0.003991173907622071
300,0.06749149633481766,0.0037215418035440755,0.00376093611920985
301,0.08030273639755396,0.004764516335081009,0.004807270127882316
302,0.09938074081004747,0.004204717902773215,0.004181092668100865
303,0.07667415411798607,0.004024878739881378,0.0040291261006851755
304,0.06952645581031457,0.0038525908126441537,0.003875285634346658
305,0.0711834792330389,0.004140809158957921,0.00420282559775607
306,0.09599767785699773,0.0051810480012423315,0.005153415038169806
307,0.08643897601380349,0.004084037795630404,0.004125461021068587
308,0.07647770126280043,0.0038759165828222675,0.003908846135321391
309,0.06730075324195273,0.003631756719825318,0.0037121117611031394
310,0.06670641978874303,0.003552701194936889,0.003635748884076148
311,0.06479155913204929,0.0034127639975685244,0.0034866739196749512
312,0.06465058503800644,0.0034953047980799596,0.0035559547620774875
313,0.07046036681094173,0.0036129354301491887,0.0037172198081330595
314,0.0813106835168151,0.0037353740566149875,0.0038069259923889493
315,0.06693079843643064,0.0033197434042324114,0.0034046873590257046
316,0.06008947732988401,0.0032576777204586433,0.0033260338532383176
317,0.06207744952105784,0.00331994395466225,0.0033688312295080203
318,0.06132121605273412,0.0033195956063799825,0.003405266739689605
319,0.06173300438082277,0.0032302341499134,0.003289738950648466
320,0.06676224985711074,0.0037053212883566052,0.0037926075713077033
321,0.06800909959750714,0.0034590637649377165,0.00355970315058473
322,0.07552367552429415,0.0036825300240897214,0.00375163056787446
323,0.06391941875419861,0.003257229917182603,0.0033234289689041507
324,0.06239832038163485,0.0031434738488267506,0.003207360863874317
325,0.060093360437936616,0.0030103854633293952,0.003073205365946198
326,0.0825783406982755,0.004236943358225698,0.004287030932047497
327,0.10427191907123955,0.005428525380688166,0.005480351629421284
328,0.07571112213643726,0.003678274703265245,0.003769046025980252
329,0.0673938692684164,0.003559414902665966,0.0036128247251574737
330,0.06096714085570334,0.003025612190240104,0.0031103504724030616
331,0.0553884666013332,0.0030325805080726118,0.0031207174911652364
332,0.05558168116856004,0.002886557217095628,0.0029741839010594376
333,0.058649780465738564,0.002891282055454813,0.002953501584707029
334,0.059007392532627566,0.0029194654994999553,0.00300541176838649
335,0.058644251402418225,0.002975107175700889,0.003055224714797021
336,0.06321935312768157,0.003155917000140721,0.0032157942041776697
337,0.059721122621994346,0.0029202894546032187,0.0030050179082012885
338,0.05662009005840467,0.002952292901690733,0.0030557131622318563
339,0.055317681119453115,0.00294122834232958,0.0030476180300181466
340,0.05736588446248826,0.0028894901745724626,0.0029900980812268335
341,0.06135164602629872,0.0029420897949127217,0.00302358328354959
342,0.0624779596200271,0.003408264680412904,0.003493948226368408
343,0.06368029061222816,0.0028410551205427527,0.002918520074190955
344,0.05972512416323779,0.0030280001796302333,0.0031444497698967745
345,0.07615295773630974,0.003397772637332655,0.00345111819867317
346,0.06845734907146431,0.0031949441237807586,0.0032818331000646554
347,0.06337892654086034,0.0028801042086745213,0.0029641299316601
348,0.06293914227092988,0.0032550447943102043,0.003344485118203503
349,0.05749263107920868,0.0026937017933790276,0.0027928625499505765
350,0.05602577150103332,0.0027493712220532564,0.0028724133656408534
351,0.0610832633329593,0.002890731846929116,0.0029477165691467566
352,0.05944627857923958,0.002893289467484089,0.0029830184809855093
353,0.06406839907499486,0.003088695877842941,0.003196322393580541
354,0.06608994989655642,0.0032352861813221383,0.0033018220134707877
355,0.07021085053160502,0.0028263013836852826,0.0028860138060981693
356,0.05875301484135995,0.002722698434978268,0.002839655223842561
357,0.05447521014180155,0.002638374335899562,0.0027406784520234567
358,0.05277587607182392,0.00258514705257073,0.0027006287925837387
359,0.05719643547328955,0.00266406717482964,0.0027604727956400286
360,0.054320520212710534,0.002549059443776254,0.0026618981188479105
361,0.0532893246072816,0.0024663296351772994,0.002601072132358525
362,0.0543433833461558,0.002745216512356748,0.0028357171152544164
363,0.05845150006168462,0.002722287733994263,0.0027952533357350306
364,0.07723551502149678,0.003530807996919487,0.0035829216307750418
365,0.07608892346577692,0.00308424115615956,0.0032316066586641
366,0.0562408992317085,0.0026540109855361085,0.002756097983141261
367,0.053349504086555956,0.0026757715219897847,0.002807007596480413
368,0.05119828955936051,0.0026256611620993995,0.002766382368263885
369,0.05036352977760868,0.002544552219453104,0.00267033234222474
370,0.049642240697964995,0.0023261305482937845,0.0024590492198655525
371,0.050352246358525136,0.0023401029336701158,0.0024575168009756993
372,0.05299388585414281,0.002319754759165627,0.002412877984382022
373,0.05358195190226459,0.002497851569096582,0.0026131428180072368
374,0.05313711838879639,0.0023656265862805857,0.00246726292918659
375,0.05590842272419261,0.0024893869147158436,0.0025935071595794357
376,0.054766874913407315,0.0023688209052055136,0.002486628578578043
377,0.05237698814407653,0.0025030333673239655,0.002596078556159259
378,0.0642125908876286,0.0027073153788762087,0.002823909055715702
379,0.0570942744433081,0.002282262190295841,0.0024034852350405442
380,0.04875696158645988,0.0021894156873307883,0.0023477751205362584
381,0.04751496690050216,0.002170639149390074,0.0022883983295304534
382,0.048790109446121235,0.0023297316089252525,0.0024473720543384987
383,0.05502615563199591,0.0024091676233379163,0.0025155445552007966
384,0.055996942612007106,0.0023688567051819514,0.002491063787149432
385,0.0761294948071112,0.0028118678094163196,0.0028980627200102336
386,0.06287510906744319,0.002559138956216949,0.0026395369594313304
387,0.05436943984129964,0.0024543545392771643,0.002568494097483819
388,0.053461700129187426,0.0022921624222379255,0.0024084620224771717
389,0.06440719326130119,0.0038157544144175417,0.003812986008916977
390,0.07251002562514539,0.002634374773515087,0.002755601513667792
391,0.052786243502521944,0.002454657503284529,0.002593121606464299
392,0.04738455680053809,0.0022201936657611633,0.002373876758442821
393,0.04898507640242183,0.0021929535540097652,0.002323053663751038
394,0.04916899935650037,0.0020994943440364876,0.002228230395070691
395,0.04630457806530723,0.0020409303530022935,0.0021880320154671145
396,0.04856633871800688,0.002121762194166862,0.0022763874759413752
397,0.045096314806768456,0.0020260122464720665,0.0021428190224365208
398,0.05147720655018423,0.002117166707610134,0.002269304238666407
399,0.05133515045938091,0.002213913536761895,0.0023600292699809994
400,0.05402742398366771,0.0022809169092951036,0.002422284538139817
401,0.05305531322325466,0.002368706066852835,0.0025184384163521945
402,0.04831567488256333,0.0020575173862598544,0.002203136960254666
403,0.04684141382410785,0.002110621315355198,0.0022259127635934008
404,0.04637320575563375,0.001999400812334324,0.002131378773580977
405,0.04627574133429805,0.002038171256829534,0.0021874424763567548
406,0.044742949745866824,0.0019464973453788695,0.0020883200894877664
407,0.04453736160245079,0.0019047649286769634,0.0020424697021983623
408,0.04282466917364192,0.001836162631571959,0.0019758331262933236
409,0.046696234637661746,0.001945340519223438,0.002063178682032495
410,0.05388602593781517,0.0021386568674416026,0.0022655117382186416
411,0.05288878018246583,0.0020216228334718517,0.002139453667329003
412,0.049931894395709726,0.0019460943203672854,0.002084805074424021
413,0.04378990163092015,0.001786393427271212,0.0019139453371817476
414,0.04351730533047556,0.0019001322408236361,0.0020230981315323675
415,0.043053441288595215,0.0017754677578826182,0.0018982474875323286
416,0.04515453093696647,0.0018854671614300807,0.002019430552678224
417,0.05231143742229701,0.002240561083260045,0.0023665509783314183
418,0.052417338056092486,0.0020787037373732635,0.0022101830702497107
419,0.04455217263063375,0.001897366453076859,0.002011342595368514
420,0.04262607158946367,0.0018067061436941446,0.0019511453592553681
421,0.04256704246075137,0.0019090907515305362,0.0020277572236586648
422,0.042197427964820254,0.0018231811900129467,0.001964730759823494
423,0.048215851207087004,0.0018683526467542194,0.001976524079734674
424,0.05674168871978777,0.00221883737236691,0.0023141153292186288
425,0.05629468658492575,0.0022801625638894686,0.0024083367886167163
426,0.04744528486582291,0.0018592112798089214,0.002009305968110465
427,0.04355241426498646,0.0017121437696230736,0.0018249928679947465
428,0.042090833577581435,0.0017991422940602173,0.0019314262308206323
429,0.041355887844695315,0.001763701477596099,0.0018919290984065092
430,0.04397149324873643,0.0020183870629237486,0.0021195721950849245
431,0.04867739534526895,0.0020394160786426766,0.0021587703103642486
432,0.05297322675389081,0.0018912853047920338,0.002002878351020431
433,0.04414560372340075,0.0017982377941880739,0.001901563766129116
434,0.04343263483347405,0.0016744402861820584,0.0017989733705905176
435,0.04529247750490306,0.0018213770309123709,0.0019633429667943888
436,0.04391850410522982,0.0016018815932262688,0.001704111702701027
437,0.04524565100130223,0.0017102281063415652,0.001827574349778781
438,0.04536578590601182,0.001724243323945142,0.0018859323764508157
439,0.043064798930893634,0.001761440763641561,0.0018883278071698518
440,0.044077246558250446,0.0017426855587347183,0.0018654269001688569
441,0.04113299064968513,0.0016674438276092281,0.0018147917098694638
442,0.04439861411419809,0.0016919489143872569,0.0018076591446917049
443,0.051354612053198315,0.0015769439902185896,0.0016987846259580118
444,0.04232282577876526,0.0016768549573084775,0.001810452116063799
445,0.04138848393070919,0.0017253545959236283,0.0018653676362884691
446,0.04141654394519613,0.0016376481694378867,0.001782735987743907
447,0.042911012259540623,0.0019339197287931958,0.0020509479892032163
448,0.0495860400329196,0.0019064918067304086,0.0020128647487611803
449,0.044960263919838206,0.0016445157504287819,0.0017558527523310282
450,0.0397097295350762,0.00155438051230709,0.0016733702321939244
451,0.03990242785614621,0.0016133455388098702,0.0017590454134728429
452,0.04151821880031437,0.0016025763418010689,0.0017317993434720978
453,0.04418857722784492,0.0016778347976493214,0.001807482937460493
454,0.04028407618154332,0.001541502769462749,0.0016694779217331305
455,0.04013859081911608,0.0014526902874803902,0.0015727926069799315
456,0.040054181024767405,0.001655325934147711,0.0017842272049625409
457,0.048401161435871184,0.0018508088532849594,0.0019376132118450566
458,0.04354834673385502,0.0016320859493841947,0.0017416552177997868
459,0.04003573899092096,0.0015443713275668373,0.0016552883571903999
460,0.03822207508512323,0.0014253524308214711,0.0015354676176045912
461,0.03995552959477708,0.0014704418835763719,0.0015842383047095596
462,0.03891236886919798,0.0014638683258647986,0.001592016772005363
463,0.041337547961564726,0.0015386310517999143,0.0016760539036142505
464,0.03771514415899025,0.001450063360215175,0.0015739144248393476
465,0.03855504764799681,0.001417530286280358,0.0015436225739124871
466,0.03722780942358877,0.0014084860765179118,0.0015223335807219218
467,0.039960222742964784,0.00145889225399296,0.0015597889416273168
468,0.0422545242283607,0.0015074533090298438,0.0016116471452041032
469,0.04315025311870058,0.0015434031552484565,0.0016774758446031605
470,0.046946760492404656,0.0016065500196501786,0.0017029787360929264
471,0.04087335971051155,0.0015134346902209717,0.0016217677001805785
472,0.039346504396634376,0.0015244660845434009,0.0016051434869325792
473,0.03779897820864154,0.0014088810610707965,0.001537006951088126
474,0.03830324317738954,0.001384870071788791,0.0014952646445785247
475,0.039591436472837055,0.0014341167059428105,0.001561509839057229
476,0.03860827594251274,0.0013457046299195472,0.0014514127850459412
477,0.03747870292162111,0.0016365184335989829,0.001761396580461028
478,0.038879130983094576,0.0012982822558476824,0.00141460064414958
479,0.04051150376041642,0.0013173992251409364,0.0014486658685333358
480,0.039223796319506364,0.0013285976497995472,0.0014408167637400904
481,0.03782297758231844,0.0014249284323342047,0.0015247708998982446
482,0.039241686313835476,0.0013378152455085736,0.001464565518570633
483,0.03788710241203874,0.0013064453170624787,0.0014201858652081118
484,0.03672601381921213,0.0013209123961635716,0.0014290038202189326
485,0.03565590248466574,0.0012681876620894992,0.0013663553277857014
486,0.034325667242820004,0.0012989443516502343,0.0014093613471531212
487,0.036428860501517474,0.0014104338206396957,0.0015006574005448805
488,0.037846988846079746,0.001273509844727865,0.0013679110744871208
489,0.04133240219633485,0.0015231315330082092,0.0016208993870977762
490,0.0398570246157397,0.001313346737694016,0.0014386040594910874
491,0.036290092368738605,0.0014065725127436585,0.0015361173377498236
492,0.03708220567951026,0.0012997499895154821,0.0014137155954234547
493,0.03727894053628855,0.0012750328554966602,0.00138377555221616
494,0.037430449415565774,0.0011605120025482071,0.001285960761769449
495,0.03579641910806754,0.0012590819813783852,0.0013773942927785686
496,0.036602844551175795,0.0011880593983182818,0.0013092175208125007
497,0.03727338307764269,0.001317595786025204,0.0014373190499083115
498,0.034942499082859645,0.0012208879715550815,0.0013475125445584128
499,0.03342329631910844,0.0011847199420568768,0.0012848347308127433
500,0.03419241868656036,0.0012974512746899197,0.0014195842336741258
501,0.03590291961603265,0.0012070167089114354,0.0013195663648046497
502,0.03644945201916698,0.0013948578813011052,0.0014799152068598173
503,0.035793167292297985,0.0012739433158975616,0.0013761956148505778
504,0.03949730969063429,0.0014740255091174215,0.0015816163020093569
505,0.047427470949849074,0.0015759025237923677,0.0017182008313391894
506,0.05021696191238734,0.0017258104521546197,0.001799023616733831
507,0.043797451149778586,0.0014621759569503963,0.0015630944932646946
508,0.03829063300880284,0.0012370010312399678,0.001341347960760923
509,0.033777942397890386,0.001218674018473032,0.0013230555077786623
510,0.03240624497969619,0.0011561841695237026,0.0012611335834972644
511,0.03357760258673157,0.0011870240714715779,0.0012878975309387048
512,0.03437707452452132,0.0012049440427189372,0.0013096806812962014
513,0.033110743594993754,0.0011873192761449089,0.001295267524398691
514,0.03174850104145813,0.0011510794124924841,0.001262453683579002
515,0.032030333466254404,0.0011071573653517357,0.0012108894865830912
516,0.03162242473255826,0.0010871653244166422,0.0011894321284884677
517,0.03126179360700215,0.0011404048073501408,0.0012381332624317235
518,0.03196557705785983,0.0011660452606849828,0.0012838957160681516
519,0.03419435852020031,0.0011219164442249814,0.0012354218824692797
520,0.033636905655526454,0.0011611504362007282,0.0012740007685956003
521,0.031576350024869214,0.001126655056799651,0.0012085714114659387
522,0.030479343693559216,0.0010477420751671847,0.0011576005571338319
523,0.03098099227102069,0.0010517018007712097,0.0011599392863854453
524,0.031534703994669795,0.0010689704721694275,0.0011748289593055807
525,0.032675820274909784,0.0011314890618753107,0.0012379547844535536
526,0.03303967011971988,0.00104381445200623,0.0011452817499953462
527,0.03176797133343561,0.0011007181525160533,0.0012061141307103521
528,0.03245389803505519,0.001115515117977317,0.0012120982043397868
529,0.034387255528068074,0.0011621550403833768,0.001268660887255983
530,0.033522142645862334,0.0011264974400708428,0.0012298360636988194
531,0.034239770554938515,0.001189462238884367,0.0013108715051396796
532,0.03413711383671684,0.0011530991950437666,0.0012526820658112314
533,0.032704157107961374,0.0010770874380392327,0.0011813555363470772
534,0.031064450586597864,0.0010353621414934966,0.0011257771828734784
535,0.029752895030692537,0.0010112022102462855,0.0011161945302069173
536,0.030411042643447895,0.0010523120806021787,0.001165776515920456
537,0.030519536238096563,0.0010271861000533142,0.0011322346354629292
538,0.03186610394262777,0.001060312987811812,0.0011417359954169746
539,0.032744305747361833,0.0010429173786370444,0.001124221703093751
540,0.03154597895801207,0.0010408323710933201,0.0011414673629735403
541,0.03678504259830756,0.0011390490204048248,0.001230765583503439
542,0.03421238886284212,0.001184886384810859,0.0012903927223371552
543,0.03226889667724529,0.0010844692389713024,0.00117036823885598
544,0.03305719849488322,0.0011323700260104088,0.001240191420359468
545,0.03134516816621508,0.0010567566382975262,0.001161925410147279
546,0.03030639066869831,0.0010251895032841057,0.001126606273055649
547,0.03163451723200224,0.0009926389067399254,0.001089753932701111
548,0.03117471851560361,0.0010723185910040446,0.0011580557579376014
549,0.033584998715355294,0.0011143321531087993,0.001214732940997663
550,0.0328600699040091,0.0009646427045242102,0.0010676582029863417
551,0.029563584378983536,0.0009998471183013781,0.0010924548841193963
552,0.02877148950748773,0.0009665238819659343,0.0010685884737052635
553,0.028363102674509026,0.0010133232979927078,0.0011045879626106786
554,0.028754047601702897,0.0009025039102423434,0.0010084519367153126
555,0.030122546644018724,0.0009942557136746195,0.0010965484564993187
556,0.03122562914237789,0.0010617918581434242,0.0011553262062610585
557,0.030680130599385427,0.0009873517550809381,0.0010901960426553904
558,0.029284603800493542,0.0009106725085410272,0.0010000038870445426
559,0.031991626594530066,0.0010156521015449859,0.0011018659634502296
560,0.03188801876287854,0.0009900356851895416,0.0010950260687814016
561,0.029472485953490928,0.0009376433502797747,0.0010120777894239968
562,0.02944563011993569,0.0009009730848803612,0.0009973974249640107
563,0.028698019541700325,0.000986019801572822,0.0010928015610421576
564,0.030307767701624168,0.0010429814691328462,0.0011265283248969237
565,0.02984683769092613,0.0010018497079080679,0.0010835080040087054
566,0.031836919087835196,0.0010265368787008486,0.0011197140378937996
567,0.0305998723337125,0.0009933635335828811,0.0010793325643699894
568,0.030018809023201927,0.0009900276048695818,0.0010918301387867497
569,0.029397932415190786,0.0009747078352679413,0.001070740132962363
570,0.029892036412027576,0.0009706646753906327,0.001058535865610246
571,0.03108642974475518,0.0009301012624374691,0.0010410549479921748
572,0.029953343736076176,0.0009773770226187259,0.0010857290742435782
573,0.030200061698628503,0.0009691842437849098,0.0010703353837342342
574,0.02907860237981054,0.0009895086556140956,0.0010764068304293052
575,0.02831055883577516,0.0009547732454340895,0.0010521775610992763
576,0.02730154305904331,0.000896137367289545,0.0009878541927089272
577,0.027124729522188654,0.0009034956222169076,0.0009857418397625237
578,0.028598662121788132,0.000998965014579732,0.001088468713797867
579,0.029556017184488442,0.0009537391831252459,0.0010488442276301775
580,0.0285338604420022,0.0009121516442747825,0.0010019282088827627
581,0.028555740426143183,0.0008709176614933796,0.0009632312678870057
582,0.029663112859313712,0.0009013064217207043,0.0009983150500079462
583,0.03222230054644209,0.0010199608721946987,0.0011174539034467072
584,0.03137347706523101,0.0009985565922789206,0.0010983542479645642
585,0.0320395976841629,0.0009449291679291711,0.0010414757507947272
586,0.032000634145526244,0.0009157144815616731,0.0010046462898957702
587,0.02838861245988011,0.000892717272610218,0.000980456419849716
588,0.02726218279765665,0.0009643131551651796,0.0010556972372885952
589,0.02659507417883619,0.0008864272020344327,0.0009761115608970857
590,0.02783987972528366,0.0009059726209025223,0.0009942880123749503
591,0.028588837202626883,0.0008650018200102288,0.0009614812095468197
592,0.027716047067413256,0.0008793963680938923,0.0009663857613032145
593,0.026891921740341503,0.0008282634191084517,0.00091343321101985
594,0.026271498900405497,0.000896785380573184,0.0009861081602479608
595,0.02750981969876261,0.000860579805290466,0.0009568331740171466
596,0.026539446566129127,0.0008310473283614471,0.000920631557051266
597,0.027364122722846974,0.0008763312858806011,0.0009655694047346853
598,0.026261866263647297,0.0008706137975821274,0.0009528176825524447
599,0.0260160717207831,0.0008608013568146304,0.0009473175115515186
600,0.025568830714700064,0.0008145279330694335,0.0009070114379395996
601,0.026166603078792434,0.000771168850944595,0.0008622335163680487
602,0.026159795367171973,0.000886239619446488,0.0009738615714133682
603,0.02641080048735788,0.0008553919408054521,0.0009437999567675723
604,0.02668440365473412,0.0008466946451950704,0.0009337149912214797
605,0.025846826445301747,0.0007985605500677915,0.0009008387964210259
606,0.024990992632257545,0.0008000316276281327,0.0008886407442003059
607,0.025658538480258047,0.0008560130347570263,0.0009526668717015712
608,0.026844446546807097,0.0008612809370355787,0.0009519362380420251
609,0.026072971129956792,0.0007839500950035057,0.0008718051462948227
610,0.026993370616134677,0.0007990392576394672,0.0008766625125977251
611,0.026159392029858928,0.0008352224086799465,0.0009219238392343657
612,0.02613229367405074,0.0007905472719748645,0.0008760753017649266
613,0.026186611014822298,0.0008082642352873539,0.0009030079857475201
614,0.027315164673730748,0.0008383275635060001,0.0009153182314456941
615,0.02687541018844474,0.0008261615031080064,0.0009184869417030514
616,0.026064351840807347,0.0008146194026611231,0.000908542165726768
617,0.025417872778345837,0.0007599073380141659,0.0008532389272353691
618,0.025306796493852216,0.0008927048270631536,0.0009819006780388796
619,0.027229147010201304,0.0008640524199846523,0.0009543208135297559
620,0.026695725133429323,0.0007860426772661359,0.000881013536791489
621,0.026424103296105266,0.0008178480600057252,0.000905590915954918
622,0.02656291614841587,0.0008459087587550939,0.0009278011183452992
623,0.02546209649396425,0.0008812104333164411,0.0009685551136964737
624,0.02581367791328985,0.0008301336502483797,0.0009123862793561595
625,0.025842929855411693,0.0008185009935758746,0.0009054764506680366
626,0.025898025353415316,0.0008424938429776159,0.0009326617960495238
627,0.029129712413946025,0.0009132177813006852,0.0010034912315194315
628,0.02734629752519138,0.0008554648891826963,0.0009494506002567006
629,0.02713489730479628,0.0007704273669437387,0.0008703840085004345
630,0.025240259670583066,0.0007902049919567759,0.0008793491733192303
631,0.02422946047128569,0.0008431773631916451,0.0009233713485497384
632,0.023932815455244293,0.0007527759366219364,0.0008411513056048931
633,0.024365330259902583,0.000875479849987831,0.0009530281523940761
634,0.02481248646288125,0.0007782920996085303,0.0008642765468844538
635,0.02538750248737898,0.0007863685916507186,0.0008754003486847914
636,0.024328391788167474,0.0007729636396540661,0.000858513273848516
637,0.02413260922861652,0.0007444504665250498,0.0008214809266683483
638,0.024131056719359403,0.0008109199653875185,0.0008888402403387853
639,0.024156661271339162,0.0007294826666586197,0.0008131477560143719
640,0.024052193932403664,0.0007477342083158636,0.0008345825594117326
641,0.024188790722112847,0.0007509608399109944,0.0008360592481446641
642,0.024310738110628474,0.0008055732806187143,0.0008884595302222838
643,0.02441316615968479,0.000826208296263815,0.0009159933344250184
644,0.025062291605822493,0.0007567860492961412,0.000834250241429646
645,0.025061302998386947,0.0007587411007907274,0.000839290802230169
646,0.024707036378942948,0.0007460438419136127,0.0008316124148218658
647,0.024445539867742366,0.0007827623512641083,0.000862318070250391
648,0.023774741999424562,0.0007468848733415724,0.0008390897909278302
649,0.02407505934418009,0.0007763713561107537,0.0008713843582426437
650,0.02402600222029277,0.0007078404877986865,0.0007904931239977734
651,0.023441066280942186,0.0007302435739341074,0.0008160969116194926
652,0.023427388496759537,0.000709000742975663,0.0007954555902861736
653,0.023644992011753966,0.0007562331898366982,0.0008332233180554103
654,0.02348705262509478,0.0006847712361037117,0.0007651160133623421
655,0.02336638354824729,0.0007130132727686345,0.0007906011158151838
656,0.02319371720747163,0.0007165706029277088,0.0008020061143784692
657,0.022924454824148437,0.0007103889972371436,0.0007860279832452587
658,0.023595188791009192,0.0007393784698006804,0.0008243216876454077
659,0.022976966497463298,0.000746447273010769,0.0008237120339672038
660,0.022857033744992476,0.0006912209938127451,0.0007736276135160376
661,0.0232206445603109,0.000723399518779257,0.0008075537503164554
662,0.023809163019418076,0.0007350009711870934,0.0008019986258182546
663,0.023888094766447907,0.0007374117251883533,0.0008170516984683194
664,0.023920632493155274,0.0007349968536773854,0.0008077110638569677
665,0.024417984113655342,0.0007290950959592979,0.0008158773355921337
666,0.024915640348694725,0.0007400277121034195,0.0008183752399668424
667,0.02332306577199273,0.0007457567183244057,0.00082475414689404
668,0.02342428618717639,0.0006904095988612943,0.0007722178599720216
669,0.02274713883568095,0.0006677400467779302,0.0007439487976116003
670,0.02279664860075125,0.0006439909729665506,0.0007256587209862523
671,0.022904774389000643,0.0007420703918092668,0.0008334482401124542
672,0.02353557837574499,0.0007498739299743463,0.0008329131482674872
673,0.02328421713406213,0.0006944080274180286,0.0007789678343113701
674,0.02337756764067122,0.000677705241298557,0.0007604275574453987
675,0.022705552016206366,0.0007008810438469161,0.0007781410791710137
676,0.0226207151075906,0.0006988548594327214,0.0007777950070181354
677,0.023289674431771247,0.0006529400581211259,0.0007345204860587834
678,0.023125981289252924,0.0007126412813577475,0.0007923497386318589
679,0.02272844567356567,0.0007030715577682287,0.0007879620054136778
680,0.022944326768361983,0.0007423771116485595,0.0008241503030250885
681,0.023066270278539885,0.0006845180139352206,0.0007635085767133417
682,0.02229602871001207,0.0006873727312262719,0.0007675731467696545
683,0.022092434427094125,0.000671825102090083,0.0007497215781738425
684,0.021833493717362897,0.0007363368176289648,0.0008106370155885176
685,0.022214446361179693,0.0007498512319904082,0.0008246468769178451
686,0.022337307703502434,0.0006583444423788916,0.000742815917420328
687,0.02213261589915849,0.0007070324563230461,0.0007868808563405267
688,0.021889424085517434,0.0006651514697911277,0.0007460267851554158
689,0.02150725945003424,0.000634058879713493,0.0007137585648409911
690,0.021574181636882264,0.0006898821578261377,0.0007624567235823589
691,0.021604175496898435,0.0006868791565355474,0.0007690549460366148
692,0.022038612829831036,0.0006728982850964,0.0007539813477447842
693,0.02242436516567869,0.0006335114036752787,0.0007190052388126312
694,0.021952218713674358,0.000657897391152087,0.0007411339550507732
695,0.02185825023123204,0.0006301493615528332,0.0007051001675159856
696,0.021630981863945402,0.000680270814425262,0.0007557194012104845
697,0.021776564290034408,0.0006244265979621421,0.0007037640211294017
698,0.021804172446268047,0.0006424792446054265,0.0007223696181401786
699,0.02150439282159788,0.0006523214857449861,0.0007246605664906443
700,0.02205165496408428,0.0006485824465673931,0.000725586347741493
701,0.022035347716831927,0.0006235406856209693,0.0007091309626284979
702,0.021842562405749562,0.0006626916260988904,0.0007425002907262056
703,0.02150594303934096,0.0006163820396658752,0.0006925615045000808
704,0.021181248045741067,0.0006216430339494135,0.0007007758172932404
705,0.02119383976400974,0.000635784589855295,0.0007199784921038557
706,0.02115291512180546,0.0006718651413851831,0.0007513881564721769
707,0.021175485578349813,0.0006361636267278837,0.0007105606469822774
708,0.021245194311455003,0.00061550702759998,0.0006885768637331931
709,0.021016585810060454,0.0006446046510458821,0.0007211102750763013
710,0.02114510127926267,0.0006558209271686587,0.0007293041185145457
711,0.022208662543916936,0.0006539958429355271,0.0007297091446235512
712,0.02247971010487825,0.0006219203365107423,0.0006976652046378919
713,0.02185067447667982,0.0006403803350855018,0.0007165818501799057
714,0.02160403796834905,0.0006438788271026453,0.0007241947977021257
715,0.021617898886512308,0.0006914591590055881,0.0007670367865520771
716,0.021644148294884313,0.0006361940767178871,0.0007088931218493815
717,0.020860506206477412,0.0006553612443572494,0.0007303708184746728
718,0.020665317238736367,0.0006100571753762246,0.0006865752344227373
719,0.02083781353753193,0.000648761665412,0.0007196645731991503
720,0.020948813521177397,0.000603308603107801,0.0006834126717095031
721,0.021046288370510043,0.0006299356513496339,0.000709634555343435
722,0.020838857641262292,0.0006247143935767227,0.0007025791670955949
723,0.020844101220470597,0.000580266316762,0.0006583470275313127
724,0.020813381587761255,0.0006177513524341763,0.0006930646748535327
725,0.020990262232411096,0.0006037234713296756,0.0006719813840984529
726,0.02117870349837643,0.0006031581738213172,0.000681989015141529
727,0.020931158246514828,0.0006103593555187477,0.0006885682692514897
728,0.020758718123114004,0.0006062351727807539,0.0006859029358873582
729,0.020398237468021288,0.0006243657666312459,0.0006973851560729255
730,0.020446138387770485,0.0005943294236425989,0.0006682401478175225
731,0.020576992299941768,0.0005988500125274081,0.0006716126014968666
732,0.02063398561037691,0.000602157544899756,0.0006771929340868369
733,0.020538346566764905,0.0005872721238542675,0.000661832358456298
734,0.020319748867497434,0.0006208309754652838,0.0006956797090705395
735,0.020171062950576062,0.0006191167149903609,0.0006935419976745438
736,0.02047844492156421,0.000637794809611976,0.0007107434361485193
737,0.020781276066752806,0.0005649634353029669,0.0006374256533404618
738,0.020920448136107442,0.000601755275804619,0.0006698392908945996
739,0.02063949172173221,0.0006067385119361163,0.0006778889750373566
740,0.02020303802306927,0.0005896955215561014,0.0006662255891668035
741,0.020109510302327178,0.0005810146956323511,0.000649158985154808
742,0.02035516686590291,0.0006075398428953976,0.0006741819903205181
743,0.020259601341324544,0.0006445675032641145,0.0007163475323584506
744,0.020194604829007597,0.0005549812092983394,0.0006246756157136992
745,0.020239061127582267,0.0005955728121174006,0.000670738567735239
746,0.020134935476831924,0.0005802535200692974,0.0006512219007943321
747,0.02010657113489095,0.0006068668926495766,0.0006793154983702355
748,0.02007115383189743,0.0005776791495252822,0.0006509320248597535
749,0.020105646300084577,0.0005683130057456264,0.0006366319676090412
750,0.020100766965062637,0.0005784636793170985,0.0006432975817969027
751,0.020223909121797667,0.0005912669489313259,0.00066144977794591
752,0.01993442064044774,0.0005991943392125488,0.0006724880726838181
753,0.019848996506846364,0.0006009851288527794,0.0006708862711053355
754,0.019705632331306448,0.0005550115970487997,0.0006301569842853056
755,0.019762816552588606,0.0005549263156287319,0.0006300921131454256
756,0.019616565613357537,0.0006052733446990545,0.000674198144564832
757,0.01986519252129427,0.0005596969331015052,0.0006289381660369626
758,0.019742458946426435,0.0006217131417446651,0.0006898402580864611
759,0.020124438163943527,0.0005748064559215087,0.0006434509007089693
760,0.02035706631823494,0.0005554270861318532,0.0006251585379319762
761,0.019915212758601836,0.0005599404657493008,0.0006324221252832335
762,0.019711079608646834,0.0006120768286442787,0.000681267448517433
763,0.019683765670780184,0.0006108592623802712,0.0006781358222509805
764,0.01945699112190402,0.000546675728403929,0.0006163311263905352
765,0.01938910906819606,0.000592490908588688,0.0006645752192886506
766,0.019460149913467825,0.0005950353065773125,0.0006633453863160408
767,0.019329498976791842,0.0005539882957588393,0.0006261988741581919
768,0.01932179928545766,0.0005742947396124957,0.0006387314213107553
769,0.01928746162250189,0.0005754733792541963,0.0006463069295566235
770,0.019373345958826692,0.0006102752969447371,0.0006789657151817306
771,0.01950271674491804,0.0005242168706392216,0.0005967522457985642
772,0.019381711708035813,0.0005628741347466634,0.0006341890675582263
773,0.019162089027056413,0.0005789501207568383,0.0006518861037545051
774,0.019170372319982327,0.0005658921200309175,0.0006355919464923123
775,0.01929138388183966,0.0005732882023800871,0.0006470914565864792
776,0.01916734551468245,0.0005546589575060139,0.0006229866790482471
777,0.01913381384201896,0.0006074105537819859,0.0006739644531215701
778,0.019206305561542753,0.0005492160171268589,0.000622756454581132
779,0.019137279317096103,0.000530574759918548,0.0006000803576854245
780,0.019168326892103377,0.0005533246170132431,0.0006211791701694033
781,0.019098916596936483,0.0005454132376015922,0.000614544560659819
782,0.019083687423683004,0.000548291137208205,0.0006196750396125539
783,0.01911472750545706,0.0005539482008632298,0.0006230569582385939
784,0.019012132235824288,0.0005616489267398286,0.0006322528050069019
785,0.01905911479195966,0.00052979710771885,0.0005993759314651856
786,0.018996757775007984,0.0005504147155255307,0.000616557882780853
787,0.01895775083337137,0.0005766016953229184,0.0006449151568533592
788,0.018980378961797422,0.0005548441467388345,0.0006229568135470164
789,0.018893657224636633,0.0005393822259647064,0.0006049046908270048
790,0.01896250718124654,0.0005589825894450187,0.0006247624778173811
791,0.019025006529436225,0.0005516255869637266,0.0006230697837404544
792,0.018989611972341242,0.0005529256987601151,0.0006211580300767911
793,0.018870522426752565,0.0005370656592768581,0.000602715270158423
794,0.01878845416199884,0.0005567272338520377,0.0006255201599294482
795,0.018703470806634877,0.0005258481532515853,0.0005961033619544203
796,0.018860551198206586,0.0005478979226153728,0.0006178284388729811
797,0.01880713313840398,0.0005451668971534054,0.0006154002799057228
798,0.018739496804038972,0.000529465364140351,0.0005970319824316155
799,0.018658099156669834,0.0005615997165804847,0.0006310020365209346
800,0.01870788500135538,0.0005543512677499942,0.0006216548917773848
801,0.018683914372569794,0.000518014546796522,0.0005868780931509277
802,0.018665963746073874,0.0005308190340197001,0.0006002780044634051
803,0.018635053588536007,0.0005502850448735893,0.0006175979648523449
804,0.0186194019959085,0.0005236703909810927,0.0005903553348268557
805,0.018667546565137527,0.0005542697162634915,0.0006204773504538425
806,0.018585795867279358,0.0005395359431002765,0.0006094450852863773
807,0.01854237589007902,0.0005424312471286572,0.0006085581222134984
808,0.018515387903805573,0.0005142218926511991,0.0005839065641626989
809,0.018495034728145347,0.0005419018398422942,0.0006107250045191534
810,0.018476435379989782,0.000548829882810299,0.0006147056751835641
811,0.018442863257392538,0.0005453900453332848,0.0006115420966254957
812,0.01840735052355478,0.0005412155027012542,0.0006071107531839999
813,0.01838430028457896,0.0005331806304021286,0.0006002140939111284
814,0.018374407583024322,0.0005410638935472732,0.0006075498855311791
815,0.018337780253622413,0.0005495956476806161,0.0006138310620061666
816,0.018322693292327594,0.0005325096926700162,0.0006000581352533154
817,0.01840311238692695,0.0005270475091512665,0.0005928955323295413
818,0.018358029393947376,0.0005139884713725501,0.0005817261743067987
819,0.018313203314191596,0.0004997854892861303,0.0005657611854042322
820,0.018217311477097924,0.0005473097797320094,0.0006115812236781762
821,0.018205477040313906,0.000523246938965233,0.0005856012682827246
822,0.018215161194239327,0.0005262863918464659,0.000594067775825271
823,0.01818904542654265,0.0005298446895205402,0.000596597213192537
824,0.018224630773362633,0.0005397254747442603,0.0006044270230766094
825,0.018217600434662733,0.0005224338766207802,0.0005920954187952936
826,0.018211904201044016,0.0005311379044214135,0.0005937288224256851
827,0.018181577651840346,0.0005078310546773572,0.0005735306134384909
828,0.018171283639233874,0.0005002616601192147,0.0005683721094697488
829,0.01809281290836317,0.000513940878304031,0.0005852453803388126
830,0.018110526567881466,0.000509809513471759,0.0005754700801418867
831,0.018101293821630022,0.0005336015788580417,0.0006004002298500285
832,0.018032654409237625,0.0005261352142833905,0.0005932692950739302
833,0.018032824027970358,0.0005275319343984299,0.0005952308391724492
834,0.018044261013626144,0.0005361234975085236,0.0006025901527659374
835,0.018040504023444967,0.0005108259029995206,0.0005769030301439531
836,0.01796749978518934,0.0005221496840183894,0.0005852019402656401
837,0.017941053368277875,0.0005304655246140525,0.0005927361063403476
838,0.01796767567810074,0.0005033129409344774,0.0005662923958318207
839,0.017930825561903153,0.0005048254017072851,0.000571548843656154
840,0.017929070522922516,0.0005043387261159918,0.0005714327547412839
841,0.01793176506329134,0.0005104769113591535,0.0005743141112648769
842,0.017904085997381584,0.0005012956276560737,0.0005669427362449295
843,0.017892035130385273,0.0005256342294430671,0.0005925935529628068
844,0.017850248088753386,0.0005056618987971823,0.0005727598882312654
845,0.01782071469061561,0.0005120123575449578,0.0005755087041078856
846,0.01785849241985744,0.0005026159958279082,0.0005671153066007051
847,0.017790745748670452,0.0005065912223850316,0.0005724337575814054
848,0.017823420389353212,0.0005117874294183819,0.0005758427528584757
849,0.017772360221275967,0.0005107219516414548,0.0005783121934087402
850,0.01774089758650957,0.0005070426646114183,0.0005711271368409937
851,0.017775889266386256,0.0005172992559347093,0.0005813455020243592
852,0.01777807277086414,0.00048371022473341774,0.0005484973567395743
853,0.01774147045467589,0.000504322185419908,0.0005669510551281903
854,0.01773026212546878,0.0005141364978101742,0.000577161606667396
855,0.017692741713674846,0.0005204618280974342,0.0005843581779980236
856,0.017662377210695208,0.000514527345053656,0.0005804843609705796
857,0.017655745111171208,0.0005073722092434797,0.0005702239324959477
858,0.017626968130264722,0.0005168147467936436,0.0005786662358398335
859,0.017603303587742,0.000525323851850885,0.0005911997680210182
860,0.017584520153471186,0.0004943740744705087,0.000557461488692039
861,0.017579888841429372,0.0005139243367035969,0.0005791182759378684
862,0.01761767155266662,0.0004996781803538177,0.0005645714645411221
863,0.01760137400938408,0.0005064891025465322,0.000570057555425151
864,0.01754005576799713,0.0004914705595175948,0.0005556652210045897
865,0.01753068040996322,0.0004867940441406993,0.0005486045362352819
866,0.017535169578364946,0.0004909049008530135,0.0005556875448954388
867,0.017515194122654256,0.0004905832545547346,0.0005534355460079179
868,0.017500665913294564,0.000488379930178989,0.000549635829405561
869,0.01753003457587834,0.0004891644630039265,0.0005527063063621688
870,0.017474232189099912,0.0004932995940596647,0.0005568429438290865
871,0.017440040096780414,0.000504400018309099,0.0005676178239769384
872,0.017435856079228734,0.0004800640744042433,0.0005420880041385427
873,0.017430149731332566,0.0004909909691258013,0.0005514747787193291
874,0.01740171464201217,0.0004984114365512701,0.0005626533211906716
875,0.017413272228340007,0.0004897647423736835,0.0005521399856476102
876,0.017406361790245833,0.00048345803781897064,0.0005454685779264012
877,0.017387966959039308,0.0004965570872912906,0.000557078863756026
878,0.01735752633296206,0.0004957650364023542,0.0005586776760939874
879,0.017371239973433476,0.0005086006447735746,0.0005716944888114382
880,0.01737031427013752,0.00048665749582916813,0.0005488271582664374
881,0.01733349145752871,0.0005162531125147574,0.0005806045239695134
882,0.017361394716922877,0.00048801248670805755,0.0005510565443236161
883,0.017325714252127283,0.0004986305319712932,0.0005618996470758479
884,0.017316744306263218,0.0005060920608497351,0.0005698673254320642
885,0.017315034407569277,0.0004919018364267096,0.0005557076685344407
886,0.017303680131207005,0.0004988112289111332,0.000561783841300296
887,0.017264394947939982,0.000493666188435538,0.0005565017548195311
888,0.0172743201190301,0.00048359312326910265,0.0005461132728416038
889,0.017255912142393665,0.0004939226443054405,0.0005585779118936262
890,0.017249936381294215,0.0004724210710227562,0.00053440907422456
891,0.017209356306118015,0.0004944853248493934,0.0005561463484304027
892,0.01720416305776398,0.0004943483607098821,0.0005570316381002392
893,0.01721096753606414,0.0004769945909962323,0.0005400168311531553
894,0.017213528371871473,0.0004907974466604155,0.0005513203858333168
895,0.017197461371854985,0.000482500167422804,0.0005448545415778109
896,0.017164007086494598,0.0004889065773067506,0.0005514541400595258
897,0.017177510597183906,0.0004984192215670203,0.0005577978023672972
898,0.01715840304824463,0.0004858383223973,0.0005481653229686458
899,0.01715659999777552,0.0004898055738574396,0.0005538205892159
900,0.017149182026115352,0.0004816921520474132,0.0005431580382702992
901,0.017135473071680913,0.0004811592481207881,0.0005437611639008591
902,0.017115327593368968,0.0004880901922575744,0.0005499470006656228
903,0.017114241825847476,0.0004969595556053824,0.000557881823285805
904,0.017120482486724153,0.00047584911195901484,0.0005368076367952901
905,0.01708459281881362,0.00048764883288126735,0.0005489307382470693
906,0.017065715005382717,0.00048200324314226766,0.0005439844782427852
907,0.01708259990961973,0.00048121651086806337,0.0005435357531581332
908,0.017083387102529424,0.0004755593360610365,0.0005386095155858452
909,0.017069875231536368,0.0004720689103920712,0.0005347758044332798
910,0.017051229672879684,0.0004738813986679596,0.0005351104628573472
911,0.017041448634322418,0.00048783023673085207,0.0005487027740994324
912,0.01702720847286373,0.00048656049477677915,0.0005485521123674578
913,0.017026902697316763,0.000493670211364419,0.0005552870015316728
914,0.01702493961866681,0.0004902898560867328,0.0005508261696406902
915,0.01701642554523961,0.00048181926284895314,0.0005436963269701957
916,0.01698963856248466,0.0004787339454969615,0.0005397802365869292
917,0.016991031016032856,0.00047931248878416095,0.0005405550454253183
918,0.0169945578634399,0.00048503535352896216,0.0005469748949864403
919,0.016968666147022856,0.00047414501658733446,0.0005358816568937306
920,0.016962266203685673,0.00047424745790894076,0.0005360381990168658
921,0.016953487531590893,0.00048309465094571166,0.0005447573543761582
922,0.01694185819738896,0.00047527237367476344,0.0005360921811687167
923,0.01694550168936197,0.0004885573810685787,0.0005497142881420696
924,0.016948864195972826,0.00047007798058822857,0.0005319347191802751
925,0.016940357500332938,0.0004804423310708259,0.0005400278177369129
926,0.016911634131169362,0.0004748987911736663,0.0005366466830392345
927,0.016920120478629043,0.0004830861793229381,0.0005433110173904387
928,0.016906518465325638,0.0004792476962211272,0.0005410770831270866
929,0.01689153059730209,0.0004754680556857711,0.0005363913177936619
930,0.016894749003512805,0.000477257564999004,0.0005387858679574059
931,0.01689306628954957,0.00048042436341484923,0.0005416104971951425
932,0.016881837061750806,0.0004739060703751203,0.0005354040595114047
933,0.016854543329718124,0.0004861027906854796,0.0005476845375931041
934,0.016846159005584633,0.0004720856945529189,0.0005337780384000852
935,0.0168541450527111,0.00048557592697901067,0.0005474836432536669
936,0.016849785111922744,0.00047614481083565314,0.00053719561640039
937,0.016841227294486057,0.0004765901628488464,0.0005382387770107493
938,0.016839006696345887,0.0004764564766192361,0.0005376526388548759
939,0.016831954825722584,0.0004764211233565336,0.0005380734919995568
940,0.016822469479499336,0.0004840647851155569,0.0005442080255230751
941,0.016828198747832212,0.00047478143887049785,0.0005360913855826
942,0.016808883214110504,0.000473154252600217,0.0005346587931513686
943,0.01680705656707384,0.00047667010555235337,0.0005389602878083264
944,0.016785585122336112,0.0004786072423782699,0.0005398495660159982
945,0.01679893814765449,0.0004731865579946911,0.0005348745573300976
946,0.016786849089760223,0.00048396808823084975,0.000543639302091966
947,0.0167884697418975,0.0004720339242918882,0.0005326946340029603
948,0.01678365025157602,0.0004826217645082688,0.0005430098246836923
949,0.01677673429896337,0.0004763425763437019,0.00053809201354915
950,0.01676914192420375,0.0004768914664483649,0.0005384222974005875
951,0.016758789356344953,0.0004745791548589247,0.0005347175644257971
952,0.016762071587351032,0.00046886179531197475,0.0005302015363374028
953,0.016767655344891084,0.0004748859282414545,0.000536054334701424
954,0.016736241307528585,0.0004786219226896119,0.0005400997174329861
955,0.01674751859732221,0.000474878862525148,0.000535006854460624
956,0.01673467413611709,0.0004865843947620812,0.0005469593146256989
957,0.01673993075244253,0.0004674740573552065,0.0005284748978069026
958,0.01672213973226059,0.00046932257967139437,0.000530563598128942
959,0.01672367122654107,0.0004788166432965178,0.0005385546872923915
960,0.016708219851360263,0.0004771332961539844,0.0005374331953396556
961,0.016715547511643242,0.0004699034003408404,0.0005306337225617909
962,0.016712738095278283,0.00047231434650984387,0.0005332475746876342
963,0.016693118332766252,0.00046960673904921735,0.0005298446095013398
964,0.01670345001872632,0.0004752691004004012,0.000536116574145481
965,0.01668889982744199,0.0004719531505452026,0.0005326939660167999
966,0.01668961414219844,0.000473231911842815,0.000534241318058663
967,0.016677342999192594,0.0004737368099242822,0.0005334069529701599
968,0.01668312040459199,0.0004793187595008078,0.0005398730872254428
969,0.01669042619093201,0.00047456272519882123,0.0005344574804882327
970,0.0166838806964256,0.0004699441034877725,0.0005304458761331613
971,0.01666932521545534,0.0004691444601866564,0.0005301188220199508
972,0.016667251951879434,0.00047124515976879484,0.0005318809236201633
973,0.016664785611159277,0.00046287342163860623,0.0005235435541342551
974,0.01664835233512664,0.00047394799418104094,0.0005348613369849938
975,0.016654912532949505,0.0004724819641008321,0.0005326513163286291
976,0.016642377794437727,0.00047367378794101726,0.0005339672252354349
977,0.01664528963211319,0.00046400367880900276,0.0005253783436516534
978,0.016637159769348448,0.00047097930606998913,0.0005303531221510554
979,0.016630315492055903,0.0004680529251831441,0.0005286112977338446
980,0.016635038766616435,0.00046995429836709993,0.0005295736698857355
981,0.016632859152926647,0.00047321625250322345,0.0005337833700272789
982,0.01662098466407327,0.00047541067130676533,0.0005356588126487106
983,0.016636898877935572,0.00047557821199112164,0.0005362387016711693
984,0.016620797118871777,0.000463733690583187,0.0005247456767076156
985,0.016621548916811064,0.000476144461889056,0.0005362426233403896
986,0.01662634242150239,0.0004671638810429136,0.0005274906325150572
987,0.01661931418255149,0.0004655182723272871,0.0005260627912698611
988,0.016619422561746103,0.00047161091791891126,0.0005323625081518278
989,0.016598982496952026,0.00046773328395240013,0.0005280775574185246
990,0.016602316307694966,0.000468719395194911,0.0005287110983944434
991,0.016601368227630316,0.00046609848055654445,0.0005266697478351822
992,0.016608582571220495,0.0004679278696016433,0.000527607771190495
993,0.016602376860031656,0.000465317038427842,0.0005254229986628199
994,0.01659339374481129,0.000466297409277647,0.0005265980096279115
995,0.016586773129921198,0.0004576311480024634,0.0005184858423838832
996,0.016594547212582793,0.00046060837155775526,0.0005213767072469018
997,0.016599034882228927,0.0004677740251361845,0.00052716302146071
998,0.01658121261005394,0.00046789141057417965,0.0005289371406087308
999,0.016587266187072174,0.0004703041576568626,0.0005298396809116629
1000,0.01658125075830734,0.000469471192888517,0.000529198785969864
